{"cameraMode":{"drawMode":0,"name":"Shaded","section":"Shading Mode"},"sceneLighting":true,"audioPlay":false,"sceneViewState":{"m_AlwaysRefresh":false,"showFog":true,"showSkybox":true,"showFlares":true,"showImageEffects":true,"showParticleSystems":true,"showVisualEffectGraphs":true,"m_FxEnabled":true},"in2DMode":false,"pivot":{"x":4.3383941650390629,"y":8.032838821411133,"z":-7.161138534545898},"rotation":{"x":0.2816673815250397,"y":-0.10765895247459412,"z":0.031821057200431827,"w":0.9529255628585815},"size":3.495540142059326,"orthographic":false}