{"cameraMode":{"drawMode":0,"name":"Shaded","section":"Shading Mode"},"sceneLighting":true,"audioPlay":false,"sceneViewState":{"m_AlwaysRefresh":false,"showFog":true,"showSkybox":true,"showFlares":true,"showImageEffects":true,"showParticleSystems":true,"showVisualEffectGraphs":true,"m_FxEnabled":true},"in2DMode":false,"pivot":{"x":0.22991430759429933,"y":0.25181055068969729,"z":-2.7947120666503908},"rotation":{"x":-0.15049602091312409,"y":-0.09742948412895203,"z":0.014886699616909027,"w":-0.9837048053741455},"size":4.180651664733887,"orthographic":false}